{
	"partitions" : [
		{
			"name" : "Top",
			"pins" : [
				{
					"name" : "led_seconds_units[0]",
					"strict" : false
				},
				{
					"name" : "led_seconds_units[1]",
					"strict" : false
				},
				{
					"name" : "led_seconds_units[2]",
					"strict" : false
				},
				{
					"name" : "led_seconds_units[3]",
					"strict" : false
				},
				{
					"name" : "led_seconds_units[4]",
					"strict" : false
				},
				{
					"name" : "led_seconds_units[5]",
					"strict" : false
				},
				{
					"name" : "led_seconds_units[6]",
					"strict" : false
				},
				{
					"name" : "led_seconds_tens[0]",
					"strict" : false
				},
				{
					"name" : "led_seconds_tens[1]",
					"strict" : false
				},
				{
					"name" : "led_seconds_tens[2]",
					"strict" : false
				},
				{
					"name" : "led_seconds_tens[3]",
					"strict" : false
				},
				{
					"name" : "led_seconds_tens[4]",
					"strict" : false
				},
				{
					"name" : "led_seconds_tens[5]",
					"strict" : false
				},
				{
					"name" : "led_seconds_tens[6]",
					"strict" : false
				},
				{
					"name" : "led_minutes_units[0]",
					"strict" : false
				},
				{
					"name" : "led_minutes_units[1]",
					"strict" : false
				},
				{
					"name" : "led_minutes_units[2]",
					"strict" : false
				},
				{
					"name" : "led_minutes_units[3]",
					"strict" : false
				},
				{
					"name" : "led_minutes_units[4]",
					"strict" : false
				},
				{
					"name" : "led_minutes_units[5]",
					"strict" : false
				},
				{
					"name" : "led_minutes_units[6]",
					"strict" : false
				},
				{
					"name" : "led_minutes_tens[0]",
					"strict" : false
				},
				{
					"name" : "led_minutes_tens[1]",
					"strict" : false
				},
				{
					"name" : "led_minutes_tens[2]",
					"strict" : false
				},
				{
					"name" : "led_minutes_tens[3]",
					"strict" : false
				},
				{
					"name" : "led_minutes_tens[4]",
					"strict" : false
				},
				{
					"name" : "led_minutes_tens[5]",
					"strict" : false
				},
				{
					"name" : "led_minutes_tens[6]",
					"strict" : false
				},
				{
					"name" : "led_hour_units[0]",
					"strict" : false
				},
				{
					"name" : "led_hour_units[1]",
					"strict" : false
				},
				{
					"name" : "led_hour_units[2]",
					"strict" : false
				},
				{
					"name" : "led_hour_units[3]",
					"strict" : false
				},
				{
					"name" : "led_hour_units[4]",
					"strict" : false
				},
				{
					"name" : "led_hour_units[5]",
					"strict" : false
				},
				{
					"name" : "led_hour_units[6]",
					"strict" : false
				},
				{
					"name" : "led_hour_tens[0]",
					"strict" : false
				},
				{
					"name" : "led_hour_tens[1]",
					"strict" : false
				},
				{
					"name" : "led_hour_tens[2]",
					"strict" : false
				},
				{
					"name" : "led_hour_tens[3]",
					"strict" : false
				},
				{
					"name" : "led_hour_tens[4]",
					"strict" : false
				},
				{
					"name" : "led_hour_tens[5]",
					"strict" : false
				},
				{
					"name" : "led_hour_tens[6]",
					"strict" : false
				},
				{
					"name" : "clk",
					"strict" : false
				},
				{
					"name" : "btn_edit[0]",
					"strict" : false
				},
				{
					"name" : "sw_states[0]",
					"strict" : false
				},
				{
					"name" : "btn_edit[1]",
					"strict" : false
				},
				{
					"name" : "sw_states[1]",
					"strict" : false
				},
				{
					"name" : "sw_states[2]",
					"strict" : false
				},
				{
					"name" : "reset",
					"strict" : false
				}
			]
		}
	]
}